Title,Artist,Type
Fields Of Gold,Eva Cassidy,Ballad!
Free Fallin',Tom Petty,Ballad!
Georgia On My Mind,Ray Charles,Ballad!
He Stopped Loving Her Today,George Jones,Ballad!
Hello,Lionel Richie,Ballad!
Hello,Adele,Ballad!
Hero,Mariah Carey,Ballad!
I Found A Boy,Adele,Ballad!
I Have Nothing,Whitney Houston,Ballad!
I Want To Know What Love Is,Foreigner,Ballad!
I'm Yours,Jason Mraz,Ballad!
Marry You,Bruno Mars,Ballad!
Memory,Barbra Streisand,Ballad!
My Heart Will Go On,Céline Dion,Ballad!
My Immortal,Evanescence,Ballad!
Only Time,Enya,Ballad!
Remember When,Alan Jackson,Ballad!
She Will Be Loved,Maroon 5,Ballad!
Starway To Haven,Led Zeppelin,Ballad!
Tears In Heaven,Eric Clapton,Ballad!
The Rose,Bette Midler,Ballad!
Unbreak My Heart,Toni Braxton,Ballad!
When You Say Nothing At All,Ronan Keating,Ballad!
Wish You Were Here,Pink Floyd,Ballad!
Wonderful Tonight,Eric Clapton,Ballad!
Yesterday,The Beatles,Ballad!
Yesterday,Eva Cassidy,Ballad!
You Raise Me Up,Josh Groban,Ballad!
(Everything I Do) I Do It For You,Bryan Adams,Ballad!
(You Make Me Feel Like) A Natural Woman,Aretha Franklin,Ballad!
A thousand miles,Vanessa Carlton,Ballad!
A Whole New World,Aladdin,Ballad!
All Of Me,John Legend,Ballad!
Anywhere Is,Enya,Ballad!
At Last,Etta James,Ballad!
Can You Feel The Love Tonight,Elton John,Ballad!
Can't Help Falling In Love,Elvis Presley,Ballad!
Cry Me A River,Michael Bublé,Ballad!
Cry To Me,Duffy,Ballad!
Don't Stop Believing,Journey,Ballad!
Fast Car,Tracy Chapman,Ballad!
Shallow,Lady Gaga and Bradley Cooper,Ballad!
Someone like you,Adele,Ballad!
Total Eclipse Of The Heart,Bonnie Tyler,Ballad!
Show Me the Meaning of Being Lonely,Backstreet Boys,Ballad!
Can't Fight The Moonlight,LeAnn Rimes,Ballad!
Shape of My Heart,Backstreet Boys,Ballad!
In Your Eyes,Kylie Minogue,Ballad!
Wherever You Will Go,The Calling,Ballad!
If Tomorrow Never Comes,Ronan Keating,Ballad!
I'm Not a Girl Not Yet a Woman,Britney Spears,Ballad!
Sorry Seems To Be The Hardest Word,Blue,Ballad!
Behind Blue Eyes,Limp Bizkit,Ballad!
Cry Me a River,Justin Timberlake,Ballad!
White Flag,Dido,Ballad!
I'm with You,Avril Lavigne,Ballad!
Everytime,Britney Spears,Ballad!
My Boo,Usher,Ballad!
Pieces Of Me,Ashlee Simpson,Ballad!
Let Me Love You,Mario,Ballad!
You're Beautiful,James Blunt,Ballad!
You Raise Me Up,Westlife,Ballad!
Stickwitu,The Pussycat Dolls,Ballad!
Unfaithful,Rihanna,Ballad!
Goodbye My Lover,James Blunt,Ballad!
Cupid's Chokehold / Breakfast in America - Radio Mix,Gym Class Heroes,Ballad!
Tonight (I'm Fuckin' You),Enrique Iglesias,Ballad!
What Makes You Beautiful,One Direction,Ballad!
Body Party,Ciara,Ballad!
Perfect,Ed Sheeran,Ballad!
Shallow,Lady Gaga Bradley Cooper,Ballad!
Just the Way You Are,Bruno Mars,Ballad!
Stairway to Heaven,Led Zeppelin,Ballad!
When Doves Cry,Prince,Ballad!
Both Sides Now,Joni Mitchell,Ballad!
Nothing Compares 2 U,Sinead O'Connor,Ballad!
Lean on Me,Bill Withers,Ballad!
How Deep Is Your Love,Bee Gees,Ballad!
Sweet Emotion,Aerosmith,Ballad!
Cant Help Falling in Love,Elvis Presley,Ballad!
I Don't Wanna Miss A Thing,Aerosmith,Ballad!
Complicated,Avril Lavigne,Ballad!
All By Myself,Celine Dion,Ballad!
My Heart Will Go On,Celine Dion,Ballad!
Can You Feel The Love Tonight?,Elton John,Ballad!
Your Song,Elton John,Ballad!
Hero,Enrique Iglesias,Ballad!
Imagine,Eva Cassidy,Ballad!
Over The Rainbow,Eva Cassidy,Ballad!
My Immortal,Evanesence,Ballad!
I Wanna Know What Love Is,Foreigner,Ballad!
Unbreak My Heart (Spanish),Il Divo,Ballad!
Imagine,John Lennon,Ballad!
Without You,Mariah Carey,Ballad!
Because Of You,Ne Yo,Ballad!
Miss Independent,Ne Yo,Ballad!
So Sick,Ne Yo,Ballad!
Hopelessly Devoted To You,Olivia Newton-John,Ballad!
Te Amo,Rihanna,Ballad!
Angels,Robbie Williams,Ballad!
With Or Without You,U2,Ballad!
Somewhere,West Side Story,Ballad!
I Look To You,Whitney Houston,Ballad!
I Will Always Love You,Whitney Houston,Ballad!
Forgot About Dre,Dr. Dre,Banger!
(Ghost) Riders in the Sky,Johnny Cash,Banger!
(Sittin' On) The Dock Of The Bay,Otis Redding,Banger!
(They Long To Be) Close To You,The Carpenters,Banger!
(You're The) Devil In Disguise,Elvis Presley,Banger!
9 To 5,Dolly Parton,Banger!
A Day In The Life,The Beatles,Banger!
ABBA,Waterloo,Banger!
ABC,The Jackson 5,Banger!
Africa,Toto,Banger!
Ain't No Sunshine,Bill Withers,Banger!
Ain't Nobody,Chaka Khan,Banger!
Ain't Nobody's Business,Billie Holiday,Banger!
Ain't That A Kick In The Head,Dean Martin,Banger!
All By Myself,Céline Dion,Banger!
All I Have To Do Is Dream,The Everly Brothers,Banger!
All I Want For Christmas Is You,Mariah Carey,Banger!
All My Loving,The Beatles,Banger!
All Night Long,Lionel Richie,Banger!
All That Jazz,Chicago (The Movie),Banger!
Alone,Heart,Banger!
Always on my mind,Elvis,Banger!
Always On My Mind,Willie Nelson,Banger!
American Pie,Don McLean,Banger!
American Trilogy,Elvis Presley,Banger!
Annie's Song,John Denver,Banger!
Another Day In Paradise,Phil Collins,Banger!
Autumn Leaves,Nat King Cole,Banger!
Baby Can I Hold You,Tracy Chapman,Banger!
Baby I Love You,Aretha Franklin,Banger!
Baby It's Cold Outside,Dean Martin,Banger!
Because Of You,Kelly Clarkson,Banger!
Blue Moon Of Kentucky,Elvis Presley,Banger!
Blue Suede Shoes,Elvis Presley,Banger!
Blueberry Hill,Fats Domino,Banger!
Brown Eyed Girl,Van Morrison,Banger!
Brown Girl In The Ring,Boney M.,Banger!
California Dreamin',The Mamas And The Papas,Banger!
Careless Whisper,George Michael,Banger!
Coal Miner's Daughter,Loretta Lynn,Banger!
Come Fly With Me,Frank Sinatra,Banger!
Crazy Little Thing Called Love,Queen,Banger!
Dance With My Father,Luther Vandross,Banger!
Dancing on the Ceiling,Lionel Richie,Banger!
Dancing Queen,Abba,Banger!
Desperado,The Eagles,Banger!
Do-Re-Mi,The Sound Of Music,Banger!
Don't Be Cruel,Elvis Presley,Banger!
Don't Go Breaking My Heart,Elton John,Banger!
Don't Know Why,Norah Jones,Banger!
Don't Stop Me Now,Queen,Banger!
Dream A Little Dream Of Me,The Mamas And The Papas,Banger!
Easy,The Commodores,Banger!
Escape (The Piña Colada Song),Rupert Holmes,Banger!
Eternal Flame,The Bangles,Banger!
Euphoria,Loreen,Banger!
Every Breath You Take,The Police,Banger!
Every Rose Has Its Thorn,Poison,Banger!
Father And Son,Cat Stevens,Banger!
Fever,Peggy Lee,Banger!
Fly Me To The Moon,Diana Krall,Banger!
Folsom Prison Blues,Johnny Cash,Banger!
Green Green Grass Of Home,Tom Jones,Banger!
Happy New Year,ABBA,Banger!
Heroes,David Bowie,Banger!
Hey Jude,The Beatles,Banger!
Hold The Line,Toto,Banger!
Honesty,Billy Joel,Banger!
House Of The Rising Sun,The Animals,Banger!
I Am A Man Of Constant Sorrow,Soggy Bottom Boys,Banger!
I Don't Want To Miss A Thing,Aerosmith,Banger!
I Heard It Through The Grapevine,Marvin Gaye,Banger!
I Just Called To Say I Love You,Stevie Wonder,Banger!
I Saw Her Standing There,The Beatles,Banger!
I Walk the Line,Johnny Cash,Banger!
I Want You (She's So Heavy),The Beatles,Banger!
I Will Survive,Gloria Gaynor,Banger!
I've Got You Under My Skin,Frank Sinatra,Banger!
If I Could Turn Back Time,Cher,Banger!
In The Ghetto,Elvis Presley,Banger!
Islands in the Stream,Dolly Parton,Banger!
It's Not Unusual,Tom Jones,Banger!
Jackson,Johnny Cash,Banger!
Jingle Bell Rock,Bobby Helms,Banger!
Jolene,Dolly Parton,Banger!
La camisa negra,Juanes,Banger!
La vie en rose,Edith Piaf,Banger!
Last Christmas,Wham!,Banger!
Lemon Tree,Fool's Garden,Banger!
Let It Be,The Beatles,Banger!
Let It Snow! Let It Snow! Let It Snow!,Dean Martin,Banger!
Like a Prayer,Madonna,Banger!
Like A Virgin,Madonna,Banger!
Livin' On A Prayer,Bon Jovi,Banger!
Love Story,Taylor Swift,Banger!
Mack The Knife,Bobby Darin,Banger!
Mamma Mia,ABBA,Banger!
Message In A Bottle,The Police,Banger!
Mustang Sally,Wilson Pickett,Banger!
My way,Frank Sinatra,Banger!
New York New York,Frank Sinatra,Banger!
No Woman No Cry,Bob Marley,Banger!
Non je ne regrette rien,Edith Piaf,Banger!
On The Street Where You Live,My Fair Lady,Banger!
Ordinary World,Duran Duran,Banger!
Penny Lane,The Beatles,Banger!
Piano Man,Billy Joel,Banger!
Piece Of My Heart,Janis Joplin,Banger!
Rapper's Delight,Sugarhill Gang,Banger!
Redemption Song,Bob Marley,Banger!
Rehab,Amy Winehouse,Banger!
Respect,Aretha Franklin,Banger!
Rivers of Babylon,Boney M.,Banger!
Roxanne,The Police,Banger!
September,Earth Wind & Fire,Banger!
Sexual Healing,Marvin Gaye,Banger!
Somethin' Stupid,Robbie Williams,Banger!
Son Of A Preacher Man,Dusty Springfield,Banger!
Space Oddity,David Bowie,Banger!
Stand By Me,Ben E. King,Banger!
Stand By Your Man,Tammy Wynette,Banger!
Starman,David Bowie,Banger!
Stayin' Alive,Bee Gees,Banger!
Strawberry Fields Forever,The Beatles,Banger!
Stuck In The Middle With You,Stealers Wheel,Banger!
Suspicious Minds,Elvis,Banger!
Suspicious Minds,Elvis Presley,Banger!
Sweet Dreams Are Made Of This,Eurythmics,Banger!
Take Me Home Country Roads,John Denver,Banger!
Take On Me,a-ha,Banger!
Thank You For The Music,ABBA,Banger!
That's Amore,Dean Martin,Banger!
That's Life,Frank Sinatra,Banger!
The Best,Tina Turner,Banger!
The Gambler,Kenny Rogers,Banger!
The Girl From Ipanema,Frank Sinatra,Banger!
The Girl From Yesterday,The Eagles,Banger!
The Lady Is A Tramp,Ella Fitzgerald,Banger!
The Look,Roxette,Banger!
These Boots Are Made For Walkin',Nancy Sinatra,Banger!
This Land Is Your Land,Pete Seeger,Banger!
Tiny Dancer,Elton John,Banger!
Titanium,David Guetta,Banger!
Vogue,Madonna,Banger!
We Are Family,Sister Sledge,Banger!
We Are The Champions,Queen,Banger!
We Are The World,USA For Africa,Banger!
We Will Rock You,Queen,Banger!
What Do You Mean?,Justin Bieber,Banger!
What's Love Got To Do With It,Tina Turner,Banger!
With A Little Help From My Friends,Joe Cocker,Banger!
Wrecking Ball,Miley Cyrus,Banger!
You Keep Me Hangin' On,The Supremes,Banger!
You're The First The Last My Everything,Barry White,Banger!
You've Got A Friend,James Taylor,Banger!
Your Song,Elton John,Banger!
All The Small Things,blink-182,Banger!
Say My Name,Destiny's Child,Banger!
Move Your Body - Gabry Ponte Original Radio Edit,Eiffel 65,Banger!
Freestyler,Bomfunk MC's,Banger!
I'm Outta Love - Radio Edit,Anastacia,Banger!
Better Off Alone,Alice Deejay,Banger!
The Next Episode,Dr. Dre,Banger!
In the End,Linkin Park,Banger!
Sexbomb,Tom Jones,Banger!
It Feels So Good,Sonique,Banger!
Spinning Around,Kylie Minogue,Banger!
Big Pimpin',JAY-Z,Banger!
She Bangs - English Version,Ricky Martin,Banger!
Thank God I Found You (feat. Joe & 98°),Mariah Carey,Banger!
Who Let The Dogs Out,Baha Men,Banger!
Hey Baby (Radio Mix),DJ Ötzi,Banger!
Most Girls,P!nk,Banger!
American Pie,Madonna,Banger!
Otherside,Red Hot Chili Peppers,Banger!
7 Days,Craig David,Banger!
Jumpin' Jumpin',Destiny's Child,Banger!
Shake Ya Ass,Mystikal,Banger!
Independent Women Pt. 1,Destiny's Child,Banger!
It's Gonna Be Me,*NSYNC,Banger!
Come on over Baby (All I Want Is You) - Radio Version,Christina Aguilera,Banger!
Country Grammar (Hot Shit),Nelly,Banger!
Survivor,Destiny's Child,Banger!
Stan,Eminem,Banger!
Whenever Wherever,Shakira,Banger!
It's Raining Men,Geri Halliwell,Banger!
Hit 'Em Up Style (Oops!),Blu Cantrell,Banger!
I'm a Slave 4 U,Britney Spears,Banger!
Rollin' (Air Raid Vehicle),Limp Bizkit,Banger!
Butterfly,Crazy Town,Banger!
You Rock My World,Michael Jackson,Banger!
Let Me Blow Ya Mind,Eve,Banger!
One More Time,Daft Punk,Banger!
AM To PM,Christina Milian,Banger!
Clint Eastwood,Gorillaz,Banger!
Until The End Of Time,2Pac,Banger!
Love Don't Cost a Thing,Jennifer Lopez,Banger!
Purple Pills,D12,Banger!
Don't Tell Me,Madonna,Banger!
Because I Got High,Afroman,Banger!
Have You Ever,S Club 7,Banger!
Bootylicious,Destiny's Child,Banger!
Eternity,Robbie Williams,Banger!
Sing,Travis,Banger!
Crazy,K-Ci & JoJo,Banger!
Gone,*NSYNC,Banger!
Dilemma,Nelly,Banger!
Die Another Day,Madonna,Banger!
The Ketchup Song (Aserejé) - Spanglish Version,Las Ketchup,Banger!
Round Round,Sugababes,Banger!
Overprotected - Radio Edit,Britney Spears,Banger!
The Logical Song,Scooter,Banger!
Hot In Herre,Nelly,Banger!
Dirrty (feat. Redman),Christina Aguilera,Banger!
Freak Like Me,Sugababes,Banger!
Hey Baby,No Doubt,Banger!
Caught in the Middle,A1,Banger!
Cleanin' Out My Closet,Eminem,Banger!
Work It,Missy Elliott,Banger!
A Little Less Conversation - JXL Radio Edit Remix,Elvis Presley,Banger!
In Da Club,50 Cent,Banger!
"Lose Yourself - From ""8 Mile"" Soundtrack",Eminem,Banger!
Crazy In Love (feat. Jay-Z),Beyoncé,Banger!
Where Is The Love?,Black Eyed Peas,Banger!
All The Things She Said,t.A.T.u.,Banger!
Mundian to Bach Ke,Panjabi MC,Banger!
P.I.M.P.,50 Cent,Banger!
X Gon' Give It To Ya,DMX,Banger!
Seven Nation Army,The White Stripes,Banger!
Right Thurr,Chingy,Banger!
Miss Independent,Kelly Clarkson,Banger!
Yeah! (feat. Lil Jon & Ludacris),Usher,Banger!
Gasolina,Daddy Yankee,Banger!
Naughty Girl,Beyoncé,Banger!
My Prerogative,Britney Spears,Banger!
Dip It Low,Christina Milian,Banger!
Overnight Celebrity,Twista,Banger!
Fit but You Know It,The Streets,Banger!
Pon de Replay,Rihanna,Banger!
Candy Shop,50 Cent,Banger!
Galvanize,The Chemical Brothers,Banger!
Numb / Encore,JAY-Z,Banger!
Hate It Or Love It,The Game,Banger!
1 Thing,Amerie,Banger!
Since U Been Gone,Kelly Clarkson,Banger!
SexyBack (feat. Timbaland),Justin Timberlake,Banger!
Maneater,Nelly Furtado,Banger!
Ridin',Chamillionaire,Banger!
Promiscuous,Nelly Furtado,Banger!
Buttons,The Pussycat Dolls,Banger!
Snap Yo Fingers,Lil Jon,Banger!
London Bridge,Fergie,Banger!
Everytime We Touch - Radio Edit,Cascada,Banger!
Bossy,Kelis,Banger!
Smile,Lily Allen,Banger!
Umbrella,Rihanna,Banger!
Valerie (feat. Amy Winehouse) - Version Revisited,Mark Ronson,Banger!
Smack That,Akon,Banger!
Beautiful Liar,Beyoncé,Banger!
Shut Up And Drive,Rihanna,Banger!
Glamorous,Fergie,Banger!
Acceptable in the 80's,Calvin Harris,Banger!
I Kissed A Girl,Katy Perry,Banger!
Womanizer,Britney Spears,Banger!
Paper Planes,M.I.A.,Banger!
Poker Face,Lady Gaga,Banger!
Sexy Bitch (feat. Akon),David Guetta,Banger!
Day 'N' Nite (Nightmare),Kid Cudi,Banger!
Just Dance,Lady Gaga,Banger!
Empire State Of Mind,JAY-Z,Banger!
Evacuate The Dancefloor,Cascada,Banger!
Bad Romance,Lady Gaga,Banger!
Not Fair,Lily Allen,Banger!
In For The Kill,La Roux,Banger!
Little Lion Man,Mumford & Sons,Banger!
Dynamite,Taio Cruz,Banger!
Only Girl (In The World),Rihanna,Banger!
Barbra Streisand - Radio Edit,Duck Sauce,Banger!
Te Amo,Rihanna,Banger!
Alejandro,Lady Gaga,Banger!
Commander,Kelly Rowland,Banger!
DJ Got Us Fallin' In Love (feat. Pitbull),Usher,Banger!
Telephone,Lady Gaga,Banger!
Man Down,Rihanna,Banger!
Ridin' Solo,Jason Derulo,Banger!
Teenage Dream,Katy Perry,Banger!
Fireflies,Owl City,Banger!
Dancing On My Own,Robyn,Banger!
Firework,Katy Perry,Banger!
Grenade,Bruno Mars,Banger!
Midnight City,M83,Banger!
We Found Love,Rihanna,Banger!
Save The World,Swedish House Mafia,Banger!
Born This Way,Lady Gaga,Banger!
Super Bass,Nicki Minaj,Banger!
International Love (feat. Chris Brown),Pitbull,Banger!
Bangarang (feat. Sirah),Skrillex,Banger!
Swimming Pools (Drank) - Extended Version,Kendrick Lamar,Banger!
Levels - Radio Edit,Avicii,Banger!
Starships,Nicki Minaj,Banger!
Ai Se Eu Te Pego - Live,Michel Teló,Banger!
Titanium (feat. Sia),David Guetta,Banger!
I Knew You Were Trouble.,Taylor Swift,Banger!
Blown Away,Carrie Underwood,Banger!
Stronger (What Doesn't Kill You),Kelly Clarkson,Banger!
Wake Me Up,Avicii,Banger!
Thrift Shop (feat. Wanz),Macklemore & Ryan Lewis,Banger!
Scream & Shout,will.i.am,Banger!
Work B**ch,Britney Spears,Banger!
Come & Get It,Selena Gomez,Banger!
Team,Lorde,Banger!
Demons,Imagine Dragons,Banger!
Burn,Ellie Goulding,Banger!
Started From the Bottom,Drake,Banger!
Pompeii,Bastille,Banger!
Hold On We're Going Home,Drake,Banger!
22,Taylor Swift,Banger!
Dark Horse,Katy Perry,Banger!
Bad Blood,Taylor Swift,Banger!
Anaconda,Nicki Minaj,Banger!
Am I Wrong,Nico & Vinz,Banger!
Love Me Harder,Ariana Grande,Banger!
Bang Bang,Jessie J,Banger!
Problem,Ariana Grande,Banger!
How Deep Is Your Love,Calvin Harris,Banger!
Wildest Dreams,Taylor Swift,Banger!
Bitch Better Have My Money,Rihanna,Banger!
Watch Me (Whip / Nae Nae),Silentó,Banger!
Hotline Bling,Drake,Banger!
Where Are Ü Now (with Justin Bieber),Jack Ü,Banger!
Sorry,Justin Bieber,Banger!
One Last Time,Ariana Grande,Banger!
Black Magic,Little Mix,Banger!
Hotter Than Hell,Dua Lipa,Banger!
Side To Side,Ariana Grande,Banger!
Shape of You,Ed Sheeran,Banger!
Man's Not Hot,Big Shaq,Banger!
New Rules,Dua Lipa,Banger!
It Ain't Me (with Selena Gomez),Kygo,Banger!
God's Plan,Drake,Banger!
IDGAF,Dua Lipa,Banger!
Old Town Road - Remix,Lil Nas X,Banger!
bad guy,Billie Eilish,Banger!
Sweet but Psycho,Ava Max,Banger!
Don't Start Now,Dua Lipa,Banger!
good 4 u,Olivia Rodrigo,Banger!
deja vu,Olivia Rodrigo,Banger!
drivers license,Olivia Rodrigo,Banger!
Rasputin,Majestic Boney M.,Banger!
Save Your Tears,The Weeknd,Banger!
Dinero,Trinidad Cardona,Banger!
Botella Tras Botella,Gera MX Christian Nodal,Banger!
No Me Conocen (Remix) [con DUKI Rei & Tiago PZK],BANDIDO,Banger!
WAP (feat. Megan Thee Stallion),Cardi B,Banger!
Closer,The Chainsmokers Halsey,Banger!
SHUM,Go_A,Banger!
Starboy,The Weeknd Daft Punk,Banger!
Say So,Doja Cat,Banger!
rockstar (feat. 21 Savage),Post Malone,Banger!
Kings & Queens,Ava Max,Banger!
Thriller,Michael Jackson,Banger!
Physical,Dua Lipa,Banger!
Hot Stuff,Kygo Donna Summer,Banger!
What's Love Got to Do with It,Kygo Tina Turner,Banger!
Higher Love,Kygo Whitney Houston,Banger!
Don't Stop Believin',Journey,Banger!
This Is America,Childish Gambino,Banger!
In My Life,The Beatles,Banger!
Blue Suede Shoes,Carl Perkins,Banger!
Ring of Fire,Johnny Cash,Banger!
Billie Jean,Michael Jackson,Banger!
The Message,Grandmaster Flash and the Furious Five,Banger!
Stayin Alive,Bee Gees,Banger!
Love Will Tear Us Apart,Joy Division,Banger!
Papa Was a Rollin Stone,The Temptations,Banger!
Rocket Man,Elton John,Banger!
Try a Little Tenderness,Otis Redding,Banger!
Loser,Beck,Banger!
Walk This Way,Run-DMC,Banger!
Ziggy Stardust,David Bowie,Banger!
Whats Love Got to Do With It,Tina Turner,Banger!
Say It Loud - Im Black and Im Proud,James Brown,Banger!
With a Little Help From My Friends,The Beatles,Banger!
One Way or Another,Blondie,Banger!
Get Up,Bob Marley and the Wailers,Banger!
Bitter Sweet Symphony,The Verve,Banger!
Im a Man,Bo Diddley,Banger!
Sweet Dreams (Are Made of This),Eurythmics,Banger!
I Shot the Sheriff,Bob Marley and the Wailers,Banger!
Push It,Salt 'n Pepa,Banger!
Sweet Home Alabama,Lynyrd Skynyrd,Banger!
(Dont Fear) the Reaper,Blue Öyster Cult,Banger!
Summer in the City,The Lovin' Spoonful,Banger!
Lady Marmalade,LaBelle,Banger!
Super Freak,Rick James,Banger!
Soul Man,Sam and Dave,Banger!
What's Up?,4 Non Blondes,Banger!
Take On Me,A Ha,Banger!
Fernando,Abba,Banger!
Gimme Gimme Gimme,Abba,Banger!
Money Money Money,Abba,Banger!
Super Trouper,Abba,Banger!
Voulez Vous,Abba,Banger!
Waterloo,Abba,Banger!
Girl On Fire,Alicia Keys,Banger!
Valerie ('68 version),Amy Winehouse,Banger!
Heavy On My Heart,Anastacia,Banger!
I'm Outta Love,Anastacia,Banger!
Left Outside Alone,Anastacia,Banger!
Sick & Tired,Anastacia,Banger!
Jai Ho! (You Are My Destiny),AR Rahman & Pussycat Dolls,Banger!
Dangerous Woman,Ariana Grande,Banger!
No Tears Left to Cry,Ariana Grande,Banger!
Thank U Next,Ariana Grande,Banger!
The Tide Is High,Atomic Kitten,Banger!
Hey Brother,Avicii,Banger!
Wake Me Up,Avicii & Aloe Blacc,Banger!
Everybody (Backstreets Back),Backstreet Boys,Banger!
Larger Than Life,Backstreet Boys,Banger!
Eternal Flame,Bangles,Banger!
Manic Monday,Bangles,Banger!
Now You're Gone,Basshunter,Banger!
Come Together,Beatles,Banger!
Hey Jude,Beatles,Banger!
Ticket To Ride,Beatles,Banger!
Run The World (Girls),Beyonce,Banger!
Single Ladies (Put A Ring On It),Beyonce,Banger!
Achy Breaky Heart,Billy Ray Cyrus,Banger!
Don't Phunk With My Heart,Black Eyed Peas,Banger!
My Humps,Black Eyed Peas,Banger!
Heart Of Glass,Blondie,Banger!
Bad Touch,Bloodhound Gang,Banger!
All Rise,Blue,Banger!
Ghost Riders In The Sky,Blues Brothers,Banger!
Rawhide,Blues Brothers,Banger!
Buffalo Soldier,Bob Marley & The Wailers,Banger!
Rasputin,Boney M,Banger!
Rivers Of Babylon,Boney M,Banger!
Holding Out For A Hero,Bonnie Tyler,Banger!
Total Eclipse Of The Heart,Bonnie Tyler,Banger!
Baby One More Time,Britney Spears,Banger!
Oops! I Did It Again,Britney Spears,Banger!
Overprotected,Britney Spears,Banger!
Toxic,Britney Spears,Banger!
You Drive Me Crazy,Britney Spears,Banger!
24K Magic,Bruno Mars,Banger!
One Kiss,Calvin Harris & Dua Lipa,Banger!
Kung Fu Fighting,Carl Douglas,Banger!
Everytime We Touch,Cascada,Banger!
Forget You,Cee Lo Green,Banger!
Believe,Cher,Banger!
Walking In Memphis,Cher,Banger!
Le Freak,Chic,Banger!
Tubthumping,Chumbawumba,Banger!
Rise Like A Phoenix,Conchita Wurst,Banger!
Rhythm Of The Night,Corona,Banger!
Karma Chameleon,Culture Club,Banger!
Life On Mars,David Bowie,Banger!
When Love Takes Over,David Guetta & Kelly Rowland,Banger!
Titanium,David Guetta & Sia,Banger!
Lose My Breath,Destiny's Child,Banger!
Soldier,Destiny's Child,Banger!
Hey Baby,DJ Otzi,Banger!
I'm Still Standing,Elton John,Banger!
All Shook Up,Elvis Presley,Banger!
Cleaning Out My Closet,Eminem,Banger!
Lose Yourself,Eminem,Banger!
Tonight (I'm Loving You),Enrique Iglesias & Ludacris,Banger!
We Are Young,Fun & Janelle Monae,Banger!
Crazy,Gnarls Barkley,Banger!
Hollaback Girl,Gwen Stefani,Banger!
Rich Girl,Gwen Stefani,Banger!
Want You Back,Haim,Banger!
Wake Up,Hillary Duff,Banger!
Jump Around,House Of Pain,Banger!
Take Me To Church,Hozier,Banger!
I Love It (clean version),Icona Pop & Charli XCX,Banger!
Let It Go (from Frozen),Idina Menzel,Banger!
Fame,Irene Cara,Banger!
Flashdance (What A Feeling),Irene Cara,Banger!
Blame It On The Boogie,Jackson 5,Banger!
These Boots Are Made For Walkin',Jessica Simpson,Banger!
Country Roads (Take Me Home),John Denver,Banger!
What Do You Mean,Justin Bieber,Banger!
Senorita,Justin Timberlake,Banger!
Sexyback,Justin Timberlake,Banger!
Wavin' Flag,K'Naan,Banger!
Hot n Cold,Katy Perry,Banger!
Roar,Katy Perry,Banger!
Milkshake,Kelis,Banger!
Commander,Kelly Rowland & David Guetta,Banger!
HUMBLE,Kendrick Lamar,Banger!
King Kunta,Kendrick Lamar,Banger!
Can't Get You Out Of My Head,Kylie Minogue,Banger!
Old Town Road,Lil Nas X,Banger!
Who'd Have Known,Lily Allen,Banger!
Run For Home,Lindisfarne,Banger!
Hakuna Matata,Lion King,Banger!
Sexy & I Know It,Lmfao,Banger!
Euphoria (Eurovision Winner 2012 Sweden),Loreen,Banger!
Mambo No.5,Lou Bega,Banger!
Mama Said,Lukas Graham,Banger!
Bad Girls,M.I.A,Banger!
La Isla Bonita,Madonna,Banger!
Lean On,Major Lazer & DJ Snake & MO,Banger!
Touch My Body,Mariah Carey,Banger!
All About That Bass,Meghan Trainor,Banger!
I Will Wait,Mumford & Sons,Banger!
Torn,Natalie Imbruglia,Banger!
Hypnotize,Notorious BIG,Banger!
Driver's Licence,Olivia Rodrigo,Banger!
Cheerleader,Omi,Banger!
Still Into You,Paramore,Banger!
You Can Call Me Al,Paul Simon,Banger!
Get The Party Started,Pink,Banger!
The Irish Rover,Pogues & Dubliners,Banger!
Firestarter,Prodigy,Banger!
Gangnam Style,PSY,Banger!
Don't Cha?,Pussycat Dolls,Banger!
Hit The Road Jack,Ray Charles,Banger!
Cotton Eye Joe,Rednex,Banger!
Never Gonna Give You Up,Rick Astley,Banger!
Livin' La Vida Loca,Ricky Martin,Banger!
Bit__ Better Have My Money,Rihanna,Banger!
Diamonds,Rihanna,Banger!
Only Girl In The World,Rihanna,Banger!
Where Have You Been,Rihanna,Banger!
Have You Met Miss Jones?,Robbie Williams,Banger!
Let Me Entertain You,Robbie Williams,Banger!
Call Your Girlfriend,Robyn,Banger!
Life Is A Rollercoaster,Ronan Keating,Banger!
S Club Party,S Club 7,Banger!
Space Man (Eurovision 2022 UK Entry),Sam Ryder,Banger!
She Doesn't Mind,Sean Paul,Banger!
Angel,Shaggy,Banger!
Boombastic,Shaggy,Banger!
It Wasn't Me,Shaggy,Banger!
She Wolf,Shakira,Banger!
Whenever Wherever,Shakira,Banger!
Man! I Feel Like A Woman,Shania Twain,Banger!
That Don't Impress Me Much,Shania Twain,Banger!
Don't Feel Like Crying,Sigrid,Banger!
High Five,Sigrid,Banger!
Watch Me (Whip Nae Nae),Silento,Banger!
Baby Got Back [Explicit],Sir Mix A Lot,Banger!
Thong Song,Sisqo,Banger!
Where Are U Now,Skrillex & Diplo & Justin Bieber,Banger!
Sweat (clean),Snoop Dogg & David Guetta,Banger!
Murder On The Dance Floor,Sophie Ellis-Bextor,Banger!
Wannabe,Spice Girls,Banger!
Superstition,Stevie Wonder,Banger!
About You Now,Sugababes,Banger!
Push The Button,Sugababes,Banger!
Stop In The Name Of Love,Supremes,Banger!
Don't You Worry Child,Swedish House Mafia & John Martin,Banger!
Burning Down The House,Talking Heads,Banger!
22 (Twenty Two),Taylor Swift,Banger!
You Belong With Me,Taylor Swift,Banger!
Tribute,Tenacious D,Banger!
Golden Eye,Tina Turner,Banger!
Private Dancer,Tina Turner,Banger!
River Deep Mountain High,Tina Turner,Banger!
We Don't Need Another Hero,Tina Turner,Banger!
No Scrubs,TLC,Banger!
Sex Bomb,Tom Jones,Banger!
Follow Me,Uncle Kracker,Banger!
Climax,Usher,Banger!
Yeah,Usher,Banger!
Brown-Eyed Girl,Van Morrison,Banger!
Ice Ice Baby,Vanilla Ice,Banger!
Boom Boom Boom Boom,Vengaboys,Banger!
We're Going To Ibiza,Vengaboys,Banger!
In The Navy,Village People,Banger!
Y.M.C.A.,Village People,Banger!
Blinding Lights,Weeknd,Banger!
Can't Feel My Face,Weeknd,Banger!
Freedom,Wham,Banger!
Wake Me Up Before You Go Go,Wham,Banger!
I Believe In You And Me,Whitney Houston,Banger!
Play That Funky Music,Wild Cherry,Banger!
Gettin' Jiggy Wit It,Will Smith,Banger!
The Fox,Ylvis,Banger!
We No Speak Americano,Yolanda Be Cool & DCup,Banger!
Bridge Over Troubled Water,Simon and GarHappy!kel,Duet!
Crying (duet),Roy Orbison,Duet!
Endless Love (with Shania Twain),Lionel Richie,Duet!
I got you babe,Sonny and Cher,Duet!
We've Got Tonight,Ronan Keating,Duet!
"U Know What's Up (feat. Lisa ""Left Eye"" Lopes)",Donell Jones,Duet!
Against All Odds (Take A Look at Me Now) (feat. Westlife),Mariah Carey,Duet!
Nobody Wants to Be Lonely (with Christina Aguilera),Ricky Martin,Duet!
Where the Party At (feat. Nelly),Jagged Edge,Duet!
I'm Real (feat. Ja Rule) - Murder Remix,Jennifer Lopez,Duet!
Baby Boy (feat. Sean Paul),Beyoncé,Duet!
Can't Hold Us Down (feat. Lil' Kim),Christina Aguilera,Duet!
Soldier (feat. T.I. & Lil' Wayne),Destiny's Child,Duet!
Your Love Alone Is Not Enough (feat. Nina Persson),Manic Street Preachers,Duet!
Naturally,Selena Gomez & The Scene,Duet!
Eenie Meenie,Sean Kingston and Justin Bieber,Duet!
If We Ever Meet Again (Featuring Katy Perry),Timbaland,Duet!
Airplanes (feat. Hayley Williams of Paramore),B.o.B,Duet!
Love You Like A Love Song,Selena Gomez & The Scene,Duet!
Stereo Hearts (feat. Adam Levine),Gym Class Heroes,Duet!
We Are Young (feat. Janelle Monáe),fun.,Duet!
Turn Me On (feat. Nicki Minaj),David Guetta,Duet!
Wild Ones (feat. Sia),Flo Rida,Duet!
Feel This Moment (feat. Christina Aguilera),Pitbull,Duet!
Wiggle (feat. Snoop Dogg),Jason Derulo,Duet!
Timber (feat. Ke$ha),Pitbull,Duet!
Drunk in Love (feat. Jay-Z),Beyoncé,Duet!
Cheap Thrills (feat. Sean Paul),Sia,Duet!
Rockabye (feat. Sean Paul & Anne-Marie),Clean Bandit,Duet!
Havana (feat. Young Thug),Camila Cabello,Duet!
All The Stars (with SZA),Kendrick Lamar,Duet!
Girls Like You (feat. Cardi B) - Cardi B Version,Maroon 5,Duet!
Shallow,Lady Gaga,Duet!
Dancing With A Stranger (with Normani),Sam Smith,Duet!
Levitating (feat. DaBaby),Dua Lipa,Duet!
Save Your Tears (with Ariana Grande) (Remix),The Weeknd,Duet!
Prisoner (feat. Dua Lipa),Miley Cyrus,Duet!
Rain On Me (with Ariana Grande),Lady Gaga,Duet!
Stuck with U (with Justin Bieber),Ariana Grande,Duet!
I Don't Care (with Justin Bieber),Ed Sheeran,Duet!
Promiscuous,Nelly Furtado Timbaland,Duet!
Old Town Road - Remix,Lil Nas X Billy Ray Cyrus,Duet!
Stay,Rihanna and Mikky Ekko,Duet!
River Deep - Mountain High,Ike and Tina Turner,Duet!
Walk This Way,Aerosmith,Duet!
Smack That,Akon & Eminem,Duet!
A Whole New World,Aladdin,Duet!
Problem,Ariana Grande & Iggy Azalea,Duet!
Beauty & The Beast (Duet),Celine Dion,Duet!
Lady Marmalade,Christina Aguilera & Pink & Mya,Duet!
Cold Heart (PNAU Remix),Elton John & Dua Lipa,Duet!
Don't Let The Sun Go Down On Me,Elton John & George Michael,Duet!
The Monster,Eminem & Rihanna,Duet!
Hopelessly Devoted To You,Grease,Duet!
Summer Nights,Grease,Duet!
Empire State Of Mind,Jay Z & Alicia Keys,Duet!
Run This Town,Jay Z & Rihanna & Kanye West,Duet!
Bang Bang,Jessie J & Ariana Grande & Nicki Minaj,Duet!
Jackson,Johnny Cash & June Carter,Duet!
Baby,Justin Bieber & Ludacris,Duet!
Dark Horse,Katy Perry & Juicy J,Duet!
Rain On Me,Lady Gaga & Ariana Grande,Duet!
Telephone,Lady Gaga & Beyonce,Duet!
Ain't No Mountain High Enough,Marvin Gaye & Tammi Terrell,Duet!
I'd Lie For You (And That's The Truth),Meatloaf,Duet!
Prisoner,Miley Cyrus & Dua Lipa,Duet!
Changes,Ozzy & Kelly Osbourne,Duet!
Ebony And Ivory,Paul McCartney & Stevie Wonder,Duet!
Feel This Moment,Pitbull & Christina Aguilera,Duet!
Work,Rihanna & Drake,Duet!
Somethin' Stupid,Robbie Williams & Nicole Kidman,Duet!
Walk This Way,Run DMC & Aerosmith,Duet!
Electricity,Silk City & Dua Lipa,Duet!
Bridge Over Troubled Water,Simon & Garfunkel,Duet!
Sound Of Silence,Simon & Garfunkel,Duet!
Bad Blood,Taylor Swift & Kendrick Lamar,Duet!
Apologize,Timbaland & One Republic,Duet!
One,U2 & Mary J Blige,Duet!
DJ Got Us Falling In Love,Usher & Pitbull,Duet!
Scream & Shout,Will.I.Am & Britney Spears,Duet!
Living Next Door To Alice,Smokie,Happy!
...Baby One More Time,Britney Spears,Happy!
(I've Had) The Time Of My Life,Dirty Dancing,Happy!
4 Non Blondes,What's Up,Happy!
A Thousand Years,Christina Perri,Happy!
Achy Breaky Heart,Billy Ray Cyrus,Happy!
Ain't No Mountain High Enough,Marvin Gaye and Tami Terrell,Happy!
All About That Bass,Meghan Trainor,Happy!
All Of The Lights,Kanye West,Happy!
Angels,Robbie Williams,Happy!
Baby,Justin Bieber,Happy!
Back To Black,Amy Winehouse,Happy!
Barbie Girl,Aqua,Happy!
Bye Bye Bye,*NSYNC,Happy!
Call Me Maybe,Carly Rae Jepsen,Happy!
Can't Feel My Face,The Weeknd,Happy!
Celebration,Kool And The Gang,Happy!
Chandelier,Sia,Happy!
Chattahoochee,Alan Jackson,Happy!
Cotton Eye Joe,Rednex,Happy!
Counting Stars,OneRepublic,Happy!
Crazy,Gnarls Barkley,Happy!
Daddy Cool,Boney M.,Happy!
Dangerous Woman,Ariana Grande,Happy!
Danza kuduro,Don Omar,Happy!
Dear Mr. President,Pink,Happy!
Devil Went Down To Georgia,The Charlie Daniels Band,Happy!
Diamonds,Rihanna,Happy!
Do The Conga,Black Lace,Happy!
Everybody (Backstreets Back!) ,Backstreet Boys,Happy!
Everybody Needs Somebody To Love,The Blues Brothers,Happy!
Everybody Wants To Be A Cat,The Aristocats,Happy!
Fallin',Alicia Keys,Happy!
Feel So Close,Calvin Harris,Happy!
Feliz Navidad,José Feliciano,Happy!
Flashdance...What A Feeling,Irene Cara,Happy!
Follow Me,Uncle Kracker,Happy!
Footloose,Kenny Loggins,Happy!
Forget You!,Cee Lo Green,Happy!
Friends In Low Places,Garth Brooks,Happy!
Gangnam Style (강남 스타일),PSY,Happy!
Genie in a bottle,Christina Aguilera,Happy!
Get Lucky,Daft Punk,Happy!
Gin And Juice,Snoop Dogg,Happy!
Girl Crush,Little Big Town,Happy!
Girls Just Wanna Have Happy!,Cyndi Lauper,Happy!
Guantanamera,Julio Iglesias,Happy!
Happy! ,Pharrell Williams,Happy!
Here Comes The Sun,The Beatles,Happy!
Hey Ya!,OutKast,Happy!
Hit The Road Jack,Ray Charles,Happy!
Hot Stuff,Donna Summer,Happy!
I Got You (I Feel Good),James Brown,Happy!
I Gotta Feeling,Black Eyed Peas,Happy!
I Wanna Dance With Somebody,Whitney Houston,Happy!
I want it that way,Backstreet Boys,Happy!
I Want You Back,The Jackson 5,Happy!
I'm A Believer,The Monkees,Happy!
I'm So Excited,The Pointer Sisters,Happy!
Ice Ice Baby,Vanilla Ice,Happy!
Ironic,Alanis Morisette,Happy!
Isn't She Lovely,Stevie Wonder,Happy!
It's Raining Men,Weather Girls,Happy!
Jai Ho!,Pussycat Dolls,Happy!
Karma Chameleon,Culture Club,Happy!
La Bamba,Los Lobos,Happy!
Lady Marmalade,Moulin Rouge!,Happy!
Lean On,Major Lazer,Happy!
Let It Go,Idina Menzel,Happy!
Let's Dance,David Bowie,Happy!
Let's Get Loud,Jennifer Lopez,Happy!
Livin' La Vida Loca,Ricky Martin,Happy!
Mambo No. 5,Lou Bega,Happy!
Moves Like Jagger,Maroon 5,Happy!
Ms. Jackson,Outkast,Happy!
Oh Happy Day,Sister Act,Happy!
Oops!... I Did it Again,Britney Spears,Happy!
Party In The U.S.A.,Miley Cyrus,Happy!
Rhythm Of The Night,Moulin Rouge!,Happy!
Rock DJ,Robbie Williams,Happy!
Royals,Lorde,Happy!
Shake It Off,Taylor Swift,Happy!
Shake Your Groove Thing,Peaches And Herb,Happy!
She bangs,Ricky Martin,Happy!
Since you've been gone ,Kelly Clarkson,Happy!
Story Of My Life,One Direction,Happy!
Summer Nights,John Travolta and Olivia Newton John,Happy!
Sweet Caroline,DJ Ötzi,Happy!
Sweet Home Chicago,The Blues Brothers,Happy!
The Lazy Song,Bruno Mars,Happy!
This Love,Maroon 5,Happy!
Toxic,Britney Spears,Happy!
Umbrella,Rihanna and Jay Z,Happy!
Under The Sea,The Little Mermaid,Happy!
Unwritten,Natasha Bedingfield,Happy!
Uptight (Everything's Alright),Stevie Wonder,Happy!
Uptown girl,Billy Joel,Happy!
Walking On Sunshine,Katrina And The Waves,Happy!
Wannabe,Spice Girls,Happy!
Waterfalls,TLC,Happy!
When the Saints Go Marching In,Louis Armstrong,Happy!
Y.M.C.A,Village People,Happy!
You're The One That I Want,Grease,Happy!
(I Can't Get No) Satisfaction,The Rolling Stones,Happy!
Music,Madonna,Happy!
Maria Maria (feat. The Product G&B),Santana,Happy!
Shalala Lala,Vengaboys,Happy!
It Wasn't Me,Shaggy,Happy!
Can't Get You out of My Head,Kylie Minogue,Happy!
"Lady Marmalade - From ""Moulin Rouge"" Soundtrack",Christina Aguilera,Happy!
Get Ur Freak On,Missy Elliott,Happy!
Don't Stop Movin',S Club 7,Happy!
All For You,Janet Jackson,Happy!
Nu Flow,Big Brovaz,Happy!
Murder On The Dancefloor,Sophie Ellis-Bextor,Happy!
Get the Party Started,P!nk,Happy!
Jenny from the Block (feat. Jadakiss & Styles P.) - Track Masters Remix,Jennifer Lopez,Happy!
Superstar,Jamelia,Happy!
Hole In The Head,Sugababes,Happy!
Rock Your Body,Justin Timberlake,Happy!
Let's Get It Started - Spike Mix,Black Eyed Peas,Happy!
Dragostea Din Tei,O-Zone,Happy!
Call on Me - Radio Mix,Eric Prydz,Happy!
Milkshake,Kelis,Happy!
Drop It Like It's Hot,Snoop Dogg,Happy!
She Wants To Move,N.E.R.D,Happy!
Don't Cha,The Pussycat Dolls,Happy!
Rich Girl,Gwen Stefani,Happy!
My Humps,Black Eyed Peas,Happy!
Feel Good Inc.,Gorillaz,Happy!
Don't Phunk With My Heart,Black Eyed Peas,Happy!
Push The Button,Sugababes,Happy!
Hollaback Girl,Gwen Stefani,Happy!
Hips Don't Lie (feat. Wyclef Jean),Shakira,Happy!
SOS,Rihanna,Happy!
From Paris to Berlin,Infernal,Happy!
Love Generation - Radio Edit,Bob Sinclar,Happy!
Life is a Highway,Rascal Flatts,Happy!
I Don't Feel Like Dancin',Scissor Sisters,Happy!
Ain't No Other Man,Christina Aguilera,Happy!
Girlfriend,Avril Lavigne,Happy!
Fergalicious,Fergie,Happy!
Grace Kelly,MIKA,Happy!
Candyman,Christina Aguilera,Happy!
Beautiful Girls,Sean Kingston,Happy!
Beggin (original version),Madcon,Happy!
Hot N Cold,Katy Perry,Happy!
Touch My Body,Mariah Carey,Happy!
That's Not My Name,The Ting Tings,Happy!
Viva La Vida,Coldplay,Happy!
When Love Takes Over (feat. Kelly Rowland),David Guetta,Happy!
Single Ladies (Put a Ring on It),Beyoncé,Happy!
You Belong With Me,Taylor Swift,Happy!
Alors on danse - Radio Edit,Stromae,Happy!
TiK ToK,Kesha,Happy!
California Gurls,Katy Perry,Happy!
Danza Kuduro (feat. Don Omar),Lucenzo,Happy!
We No Speak Americano (JT Radio Edit),Yolanda Be Cool,Happy!
Wavin' Flag,K'NAAN,Happy!
"Moves Like Jagger - Studio Recording From ""The Voice"" Performance",Maroon 5,Happy!
Party Rock Anthem,LMFAO,Happy!
Mr. Saxobeat,Alexandra Stan,Happy!
Sexy And I Know It,LMFAO,Happy!
Last Friday Night (T.G.I.F.),Katy Perry,Happy!
Pumped Up Kicks,Foster The People,Happy!
Gangnam Style (강남스타일),PSY,Happy!
Good Feeling,Flo Rida,Happy!
Get Lucky (feat. Pharrell Williams & Nile Rodgers) - Radio Edit,Daft Punk,Happy!
I Love It (feat. Charli XCX),Icona Pop,Happy!
Harlem Shake,Baauer,Happy!
Roar,Katy Perry,Happy!
Lose Yourself to Dance (feat. Pharrell Williams),Daft Punk,Happy!
"Happy - From ""Despicable Me 2""",Pharrell Williams,Happy!
Bailando - Spanish Version,Enrique Iglesias,Happy!
Uptown Funk (feat. Bruno Mars),Mark Ronson,Happy!
Lean On (feat. MØ & DJ Snake),Major Lazer,Happy!
Hymn for the Weekend,Coldplay,Happy!
Despacito (Featuring Daddy Yankee),Luis Fonsi,Happy!
24K Magic,Bruno Mars,Happy!
I Like It,Cardi B,Happy!
One Kiss (with Dua Lipa),Calvin Harris,Happy!
Échame La Culpa,Luis Fonsi,Happy!
No Brainer,DJ Khaled,Happy!
Finesse - Remix; feat. Cardi B,Bruno Mars,Happy!
Motivation,Normani,Happy!
Watermelon Sugar,Harry Styles,Happy!
10 Years,Daði Freyr,Happy!
thank u next,Ariana Grande,Happy!
Good Vibrations,The Beach Boys,Happy!
What'd I Say,Ray Charles,Happy!
I Want to Hold Your Hand,The Beatles,Happy!
God Only Knows,The Beach Boys,Happy!
Superstition,Stevie Wonder,Happy!
California Girls,The Beach Boys,Happy!
Papas Got A Brand New Bag,James Brown,Happy!
She Loves You,The Beatles,Happy!
Please Please Me,The Beatles,Happy!
I Got a Woman,Ray Charles,Happy!
1999,Prince,Happy!
You Are the Sunshine of My Life,Stevie Wonder,Happy!
Higher Ground,Stevie Wonder,Happy!
Heart of Glass,Blondie,Happy!
Rappers Delight,Sugarhill Gang,Happy!
Get Up (I Feel Like Being a) Sex Machine,James Brown,Happy!
Da Ya Think Im Sexy?,Rod Stewart,Happy!
All You Need is Love,The Beatles,Happy!
All Shook Up,Elvis Presley,Happy!
Kiss,Prince and the Revolution,Happy!
Jai Ho! (You Are My Destiny),A.R. Rahman,Happy!
Happiness,Alexis Jordan,Happy!
Chiquitita,Abba,Happy!
Dancing Queen,Abba,Happy!
Does Your Mother Know,Abba,Happy!
I Have A Dream,Abba,Happy!
Mama Mia,Abba,Happy!
1 Thing,Amerie,Happy!
Sk8er Boi,Avril Lavigne,Happy!
Who Let The Dogs Out?,Baha Men,Happy!
California Girls,Beach Boys,Happy!
Good Vibrations,Beach Boys,Happy!
Kokomo,Beach Boys,Happy!
Can't Buy Me Love,Beatles,Happy!
Love Me Do,Beatles,Happy!
She Loves You,Beatles,Happy!
Lovely Day,Bill Withers,Happy!
I Gotta Feelin',Black Eyed Peas,Happy!
Let's Get It Started,Black Eyed Peas,Happy!
Everybody Needs Somebody,Blues Brothers,Happy!
Brown Girl In The Ring,Boney M,Happy!
Sometimes,Britney Spears,Happy!
Video Killed The Radio Star,Buggles,Happy!
Bubbly,Colbie Caillat,Happy!
Higher Power,Coldplay,Happy!
Easy,Commodores,Happy!
Girls Just Wanna Have Fun,Cyndi Lauper,Happy!
Lose Yourself To Dance,Daft Punk & Pharrell Williams,Happy!
Girl,Destiny's Child,Happy!
9 To 5,Dolly Parton,Happy!
Be The One,Dua Lipa,Happy!
If I Were A Rich Man,Fiddler On The Roof,Happy!
Shake It Out,Florence & The Machine,Happy!
Got My Mind Set On You,George Harrison,Happy!
Volare,Gipsy Kings,Happy!
As It Was,Harry Styles,Happy!
Walking On Sunshine,Katrina & The Waves,Happy!
Celebration,Kool & The Gang,Happy!
Ladies Night,Kool & The Gang,Happy!
Higher Love,Kygo & Whitney Houston,Happy!
All Night Long,Lionel Richie,Happy!
Dancing On The Ceiling,Lionel Richie,Happy!
Hello Dolly,Louis Armstrong,Happy!
What A Wonderful World,Louis Armstrong,Happy!
Like A Virgin,Madonna,Happy!
Let's Get It On,Marvin Gaye,Happy!
Sexual Healing,Marvin Gaye,Happy!
Supercalifragilisticexpialidocious,Mary Poppins,Happy!
U Can't Touch This,MC Hammer,Happy!
Party In The USA,Miley Cyrus,Happy!
Always Look On The Bright Side Of Life,Monty Python,Happy!
Happy,Pharrell Williams,Happy!
I'm So Excited,Pointer Sisters,Happy!
I'm Too Sexy,Right Said Fred,Happy!
Do Ya Think I'm Sexy?,Rod Stewart,Happy!
Oh Pretty Woman,Roy Orbison,Happy!
Waka Waka,Shakira,Happy!
We Are Family,Sister Sledge,Happy!
All Star,Smash Mouth,Happy!
Don't Worry Be Happy,Bobby McFerrin,Happy!
Another Brick In The Wall Part 2,Pink Floyd,Rock!
Back In Black,AC/DC,Rock!
Bad Moon Rising,Creedence Clearwater Revival,Rock!
Black Betty,Ram Jam,Rock!
Black Magic Woman,Santana,Rock!
Bohemian Rhapsody,Queen,Rock!
Born in the USA,Bruce Springsteen,Rock!
Born To Be Wild,Steppenwolf,Rock!
Bring Me To Life,Evanescence,Rock!
Californication,Red Hot Chili Peppers,Rock!
Cocaine,Eric Clapton,Rock!
Come Together,The Beatles,Rock!
Copperhead Road,Steve Earle,Rock!
Don't Look Back in Anger,Oasis,Rock!
Don't speak,No Doubt,Rock!
Epic,Faith No More,Rock!
Eye Of The Tiger,Survivor,Rock!
Great Balls Of Fire,Jerry Lee Lewis,Rock!
Have You Ever Seen The Rain?,Creedence Clearwater Revival,Rock!
Highway To Hell,AC/DC,Rock!
Hotel California,The Eagles,Rock!
Hound Dog,Elvis Presley,Rock!
I Love Rock 'N Roll,Joan Jett,Rock!
I Want To Break Free,Queen,Rock!
It's My Life,Bon Jovi,Rock!
Jailbreak,AC/DC,Rock!
Kasmir,Led Zeppelin,Rock!
Killing In The Name,Rage Against The Machine,Rock!
Knockin' On Heaven's Door,Guns N' Roses,Rock!
Kryptonite,3 Doors Down,Rock!
Like a Stone,Audioslave,Rock!
Nemo,Nightwish,Rock!
One,U2,Rock!
Proud Mary,Creedence Clearwater Revival,Rock!
Rebel Yell,Billy Idol,Rock!
Rock Around The Clock,Bill Haley & His Comets,Rock!
Rock You Like A Hurricane,Scorpions,Rock!
Rockin' All Over The World,Status Quo,Rock!
Sex On Fire,Kings of Leon,Rock!
Sharp Dressed Man,ZZ Top,Rock!
Sleeping Sun,Nightwish,Rock!
Smells Like Teen Spirit,Nirvana,Rock!
Smoke On The Water,Deep Purple,Rock!
Somebody Told Me,The Killers,Rock!
Sultans of Swing,Dire Straits,Rock!
Summer of 69,Bryan Adams,Rock!
Sweet Child O'Mine,Guns N' Roses,Rock!
T.N.T,AC/DC,Rock!
The Final Countdown,Europe,Rock!
The Reason,Hoobastank,Rock!
The Show Must Go On,Queen,Rock!
The Weight,The Band,Rock!
Thunderstruck,AC/DC,Rock!
Under Pressure,Queen,Rock!
Use Somebody,Kings of Leon,Rock!
White Wedding,Billy Idol,Rock!
Whole Lotta Rosie,AC/DC,Rock!
With or Without You,U2,Rock!
Wonderwall,Oasis,Rock!
You Shook Me All Night Long,AC/DC,Rock!
Zombie,The Cranberries,Rock!
One Moment In Time,Whitney Houston,Rock!
Breathe,Faith Hill,Rock!
The Real Slim Shady,Eminem,Rock!
Go Let It Out,Oasis,Rock!
Teenage Dirtbag,Wheatus,Rock!
Higher,Creed,Rock!
How You Remind Me,Nickelback,Rock!
Smooth Criminal,Alien Ant Farm,Rock!
Hero (feat. Josey Scott),Chad Kroeger,Rock!
Can't Stop,Red Hot Chili Peppers,Rock!
Sk8er Boi,Avril Lavigne,Rock!
By the Way,Red Hot Chili Peppers,Rock!
It's My Life,No Doubt,Rock!
Reptilia,The Strokes,Rock!
In the Shadows,The Rasmus,Rock!
Numb,Linkin Park,Rock!
Vertigo,U2,Rock!
Take Me Out,Franz Ferdinand,Rock!
American Idiot,Green Day,Rock!
Boulevard of Broken Dreams,Green Day,Rock!
Do You Want To,Franz Ferdinand,Rock!
Everyday I Love You Less And Less,Kaiser Chiefs,Rock!
Scars,Papa Roach,Rock!
I Bet You Look Good On The Dancefloor,Arctic Monkeys,Rock!
I Predict A Riot,Kaiser Chiefs,Rock!
Dirty Little Secret,The All-American Rejects,Rock!
Best of You,Foo Fighters,Rock!
Supermassive Black Hole,Muse,Rock!
Dance Dance,Fall Out Boy,Rock!
When The Sun Goes Down,Arctic Monkeys,Rock!
Dani California,Red Hot Chili Peppers,Rock!
Steady As She Goes,The Raconteurs,Rock!
I Write Sins Not Tragedies,Panic! At The Disco,Rock!
Welcome to the Black Parade,My Chemical Romance,Rock!
Thnks fr th Mmrs,Fall Out Boy,Rock!
This Ain't A Scene It's An Arms Race,Fall Out Boy,Rock!
The Pretender,Foo Fighters,Rock!
Ruby,Kaiser Chiefs,Rock!
Snow (Hey Oh),Red Hot Chili Peppers,Rock!
You're Gonna Go Far Kid,The Offspring,Rock!
Fire,Kasabian,Rock!
Uprising,Muse,Rock!
Why'd You Only Call Me When You're High?,Arctic Monkeys,Rock!
Still into You,Paramore,Rock!
we fell in love in october,girl in red,Rock!
High Hopes,Panic! At The Disco,Rock!
Beggin',Måneskin,Rock!
Bohemian Rhapsody - Remastered 2011,Queen,Rock!
Mr. Brightside,The Killers,Rock!
Another One Bites The Dust - Remastered 2011,Queen,Rock!
Can You Feel My Heart,Bring Me The Horizon,Rock!
Don't Stop Me Now - Remastered 2011,Queen,Rock!
(I Can't Get No) Satisfaction',The Rolling Stones,Rock!
Johnny B. Goode,Chuck Berry,Rock!
My Generation,The Who,Rock!
London Calling,The Clash,Rock!
Purple Haze,The Jimi Hendrix Experience,Rock!
Born to Run,Bruce Springsteen,Rock!
Help!,The Beatles,Rock!
Sympathy for the Devil,The Rolling Stones,Rock!
Light My Fire,The Doors,Rock!
Gimme Shelter,The Rolling Stones,Rock!
Tutti-Frutti,Little Richard,Rock!
All Along the Watchtower,The Jimi Hendrix Experience,Rock!
Fortunate Son,Creedence Clearwater Revival,Rock!
Good Golly,Little Richard,Rock!
I Still Havent Found What Im Looking For,U2,Rock!
Blitzkrieg Bop,Ramones,Rock!
Thunder Road,Bruce Springsteen,Rock!
You Really Got Me,The Kinks,Rock!
Whole Lotta Love,Led Zeppelin,Rock!
Jailhouse Rock,Elvis Presley,Rock!
Whole Lotta Shakin Going On,Jerry Lee Lewis,Rock!
Anarchy in the U.K.,The Sex Pistols,Rock!
Long Tall Sally,Little Richard,Rock!
Sweet Child OMine,Guns n' Roses,Rock!
Free Bird,Lynyrd Skynyrd,Rock!
Wholl Stop the Rain,Creedence Clearwater Revival,Rock!
I Fought the Law,The Bobby Fuller Four,Rock!
Paint it Black,The Rolling Stones,Rock!
God Save the Queen,The Sex Pistols,Rock!
(Were Gonna) Rock Around the Clock,Bill Haley and His Comets,Rock!
Should I Stay or Should I Go,The Clash,Rock!
Hey Joe,The Jimi Hendrix Experience,Rock!
Black Dog,Led Zeppelin,Rock!
Born in the U.S.A.,Bruce Springsteen,Rock!
Sunday Bloody Sunday,U2,Rock!
Paranoid,Black Sabbath,Rock!
Walk This Way,Aerosmith,Rock!
Beautiful Day,U2,Rock!
Schools Out,Alice Cooper,Rock!
Iron Man,Black Sabbath,Rock!
I Wanna Be Your Dog,The Stooges,Rock!
The Boys of Summer,Don Henley,Rock!
Enter Sandman,Metallica,Rock!
Brown Sugar,The Rolling Stones,Rock!
I Love Rock N Roll,Joan Jett and the Blackhearts,Rock!
Welcome to the Jungle,Guns N' Roses,Rock!
Paradise City,Guns N' Roses,Rock!
Highway To Hell,ACDC,Rock!
You Shook Me All Night Long,ACDC,Rock!
Poison,Alice Cooper,Rock!
Fight For Your Right To Party,Beastie Boys,Rock!
Mountains,Biffy Clyro,Rock!
Rock Around The Clock,Bill Haley & The Comets,Rock!
All The Small Things,Blink 182,Rock!
Song 2,Blur,Rock!
Livin' On A Prayer,Bon Jovi,Rock!
I Don't Like Mondays,Boomtown Rats,Rock!
Dancing In The Dark,Bruce Springsteen,Rock!
Summer Of '69,Bryan Adams,Rock!
Lovefool,Cardigans,Rock!
Johnny B Goode,Chuck Berry,Rock!
I Fought The Law,Clash,Rock!
Zombie,Cranberries,Rock!
Bad Moon Rising,Creedance Clearwater Revival,Rock!
I Believe In A Thing Called Love,Darkness,Rock!
Love Is Only A Feeling,Darkness,Rock!
Money For Nothing,Dire Straits,Rock!
Light My Fire,Doors,Rock!
Crocodile Rock,Elton John,Rock!
Bring Me To Life,Evanesence,Rock!
Sugar We're Going Down,Fall Out Boy,Rock!
All My Life,Foo Fighters,Rock!
Monkey Wrench,Foo Fighters,Rock!
Times Like These,Foo Fighters,Rock!
Basket Case,Green Day,Rock!
November Rain,Guns n Roses,Rock!
Sweet Child O' Mine,Guns N Roses,Rock!
Welcome To The Jungle,Guns N Roses,Rock!
I Like You So Much Better When You're Naked,Ida Maria,Rock!
Since U Been Gone,Kelly Clarkson,Rock!
When You Were Young,Killers,Rock!
Stairway To Heaven,Led Zeppelin,Rock!
Can't Stand Me Now,Libertines,Rock!
Lucille,Little Richard,Rock!
Ho Hey,Lumineers,Rock!
Excited,M People,Rock!
Ace Of Spades,Motorhead,Rock!
Knights Of Cydonia,Muse,Rock!
The Black Parade,My Chemical Romance,Rock!
Pretty Fly For A White Guy,Offspring,Rock!
Walk,Pantera,Rock!
500 Miles (I'm Gonna Be),Proclaimers,Rock!
Don't Stop Me Now,Queen,Rock!
Killer Queen,Queen,Rock!
Radio Ga Ga,Queen,Rock!
The Great Pretender,Queen,Rock!
We Will Rock You,Queen,Rock!
In The Shadows,Rasmus,Rock!
Honky Tonk Woman,Rolling Stones,Rock!
Satisfaction,Rolling Stones,Rock!
Anarchy In The UK,Sex Pistols,Rock!
Here I Go Again,Whitesnake,Rock!
Tokyo (Vampires & Wolves),Wombats,Rock!
If I Ain't Got You,Alicia Keys,Soulful!
Rumour Has It,Adele,Soulful!
Girl On Fire (Main Version),Alicia Keys,Soulful!
Because Of You,Ne-Yo,Soulful!
Hallelujah,Jeff Buckley,Soulful!
Here Without You,3 Doors Down,Soulful!
Hopelessly Devoted To You,Grease,Soulful!
I See Fire,Ed Sheeran,Soulful!
I Turn To You,Christina Aguilera,Soulful!
I'd Rather Go Blind,Etta James,Soulful!
I'm A Fool To Want You,Billie Holiday,Soulful!
If I Were A Boy,Beyoncé,Soulful!
If This World Were Mine,Luther Vandross,Soulful!
If Tomorrow Never Comes,Garth Brooks,Soulful!
Iris,Goo Goo Dolls,Soulful!
Just The Way You Are,Billy Joel,Soulful!
Killing Me Softly With His Song,Roberta Flack,Soulful!
Kiss From A Rose,Seal,Soulful!
Kiss Of Life,Sade,Soulful!
Let Her Go,Passenger,Soulful!
Lovesong,Adele,Soulful!
Make It To Me,Sam Smith,Soulful!
Mercy,Duffy,Soulful!
Moon River,Andy Williams,Soulful!
My Baby Just Cares For Me,Nina Simone,Soulful!
My Favorite Things,The Sound Of Music,Soulful!
My Girl,The Temptations,Soulful!
Nature Boy,George Benson,Soulful!
Over The Rainbow,Eva Cassidy,Soulful!
Over The Rainbow / What A Wonderful World,Israel Kamakawiwo'ole,Soulful!
Photograph,Ed Sheeran,Soulful!
Rolling In The Deep,Adele,Soulful!
Set Fire To The Rain,Adele,Soulful!
Skinny Love,Bon Iver,Soulful!
Skyfall,Adele,Soulful!
Somewhere Over The Rainbow,Judy Garland,Soulful!
Stay,Rihanna,Soulful!
Streets Of London,Ralph McTell,Soulful!
Summertime,Ella Fitzgerald,Soulful!
Sunday Morning,Maroon 5,Soulful!
Take Me To Church,Hozier,Soulful!
The A Team,Ed Sheeran,Soulful!
The Sound Of Silence,Simon and Garfunkel,Soulful!
Torn,Natalie Imbruglia,Soulful!
Under The Boardwalk,The Drifters,Soulful!
Unforgettable,Nat King Cole,Soulful!
Valerie (Acoustic),Amy Winehouse,Soulful!
When I Fall In Love,Nat King Cole,Soulful!
When I Was Your Man,Bruno Mars,Soulful!
While My Guitar Gently Weeps,Santana,Soulful!
You Are So Beautiful,Joe Cocker,Soulful!
You Know I'm No Good,Amy Winehouse,Soulful!
You Oughta Know,Alanis Morissette,Soulful!
Your Cheatin' Heart,Hank Williams Sr.,Soulful!
Oops!...I Did It Again,Britney Spears,Soulful!
Thong Song,Sisqo,Soulful!
Desert Rose,Sting,Soulful!
Never Be The Same Again,Melanie C,Soulful!
Try Again,Aaliyah,Soulful!
I Turn To You,Melanie C,Soulful!
Born to Make You Happy,Britney Spears,Soulful!
I Need You,LeAnn Rimes,Soulful!
Be With You,Enrique Iglesias,Soulful!
He Wasn't Man Enough,Toni Braxton,Soulful!
Fill Me In,Craig David,Soulful!
Life Is A Rollercoaster,Ronan Keating,Soulful!
That's the Way It Is,Céline Dion,Soulful!
Crash and Burn,Savage Garden,Soulful!
My Love,Westlife,Soulful!
Bag Lady,Erykah Badu,Soulful!
You Sang To Me,Marc Anthony,Soulful!
With Arms Wide Open,Creed,Soulful!
Lucky,Britney Spears,Soulful!
I'm Like A Bird,Nelly Furtado,Soulful!
Family Affair,Mary J. Blige,Soulful!
All Rise,Blue,Soulful!
Irresistible,Jessica Simpson,Soulful!
Ain't It Funny,Jennifer Lopez,Soulful!
Loverboy,Mariah Carey,Soulful!
Thank You,Dido,Soulful!
No More Drama,Mary J. Blige,Soulful!
Eternal Flame - Single Version,Atomic Kitten,Soulful!
Turn Off The Light,Nelly Furtado,Soulful!
Complicated,Avril Lavigne,Soulful!
Underneath Your Clothes,Shakira,Soulful!
Love at First Sight,Kylie Minogue,Soulful!
Unchained Melody,Gareth Gates,Soulful!
Clocks,Coldplay,Soulful!
Heaven,DJ Sammy,Soulful!
The Tide Is High - Radio Mix,Atomic Kitten,Soulful!
If You're Not The One,Daniel Bedingfield,Soulful!
Escape,Enrique Iglesias,Soulful!
In My Place,Coldplay,Soulful!
Too Lost In You,Sugababes,Soulful!
Unwell,Matchbox Twenty,Soulful!
Left Outside Alone,Anastacia,Soulful!
Sick and Tired,Anastacia,Soulful!
Leave (Get Out) - Radio Edit,JoJo,Soulful!
Fuck It (I Don't Want You Back),Eamon,Soulful!
The Closest Thing to Crazy,Katie Melua,Soulful!
You Don't Know My Name,Alicia Keys,Soulful!
Bad Day,Daniel Powter,Soulful!
Lonely,Akon,Soulful!
Shiver,Natalie Imbruglia,Soulful!
Ghetto Gospel,2Pac,Soulful!
Nine Million Bicycles,Katie Melua,Soulful!
Speed of Sound,Coldplay,Soulful!
Girl,Destiny's Child,Soulful!
As Good As I Once Was,Toby Keith,Soulful!
Irreplaceable,Beyoncé,Soulful!
Sexy Love,Ne-Yo,Soulful!
Too Little Too Late,JoJo,Soulful!
One,Mary J. Blige,Soulful!
So Sick,Ne-Yo,Soulful!
You're All I Have,Snow Patrol,Soulful!
How to Save a Life,The Fray,Soulful!
Big Girls Don't Cry (Personal),Fergie,Soulful!
What Goes Around.../...Comes Around (Interlude),Justin Timberlake,Soulful!
The Sweet Escape,Gwen Stefani,Soulful!
About You Now,Sugababes,Soulful!
With Every Heartbeat,Robyn,Soulful!
Before He Cheats,Carrie Underwood,Soulful!
Miss Independent,Ne-Yo,Soulful!
Pocketful of Sunshine,Natasha Bedingfield,Soulful!
Run,Leona Lewis,Soulful!
Hallelujah,Alexandra Burke,Soulful!
Chasing Pavements,Adele,Soulful!
Better in Time,Leona Lewis,Soulful!
Halo,Beyoncé,Soulful!
Break Up,Mario,Soulful!
Talking to the Moon,Bruno Mars,Soulful!
Paradise,Coldplay,Soulful!
Price Tag,Jessie J,Soulful!
Every Teardrop Is a Waterfall,Coldplay,Soulful!
Locked out of Heaven,Bruno Mars,Soulful!
Don't You Worry Child - Radio Edit,Swedish House Mafia,Soulful!
As Long As You Love Me,Justin Bieber,Soulful!
Somebody That I Used To Know,Gotye,Soulful!
Born To Die,Lana Del Rey,Soulful!
Lights - Single Version,Ellie Goulding,Soulful!
Princess of China,Coldplay,Soulful!
Ride,Lana Del Rey,Soulful!
I Cry,Flo Rida,Soulful!
Stay With Me,Sam Smith,Soulful!
Break Free,Ariana Grande,Soulful!
Don't,Ed Sheeran,Soulful!
Hey Brother,Avicii,Soulful!
The Heart Wants What It Wants,Selena Gomez,Soulful!
A Sky Full of Stars,Coldplay,Soulful!
Elastic Heart,Sia,Soulful!
"I See Fire - From ""The Hobbit - The Desolation Of Smaug""",Ed Sheeran,Soulful!
Thinking out Loud,Ed Sheeran,Soulful!
"Love Me Like You Do - From ""Fifty Shades Of Grey""",Ellie Goulding,Soulful!
Kill Em With Kindness,Selena Gomez,Soulful!
Stole the Show,Kygo,Soulful!
"Writing's On The Wall - From ""Spectre"" Soundtrack",Sam Smith,Soulful!
Firestone,Kygo,Soulful!
Starboy,The Weeknd,Soulful!
Hurts So Good,Astrid S,Soulful!
PILLOWTALK,ZAYN,Soulful!
Human,Rag'n'Bone Man,Soulful!
Skin,Rag'n'Bone Man,Soulful!
no tears left to cry,Ariana Grande,Soulful!
God is a woman,Ariana Grande,Soulful!
Someone You Loved,Lewis Capaldi,Soulful!
Giant (with Rag'n'Bone Man),Calvin Harris,Soulful!
How Do You Sleep?,Sam Smith,Soulful!
Bad Habits,Ed Sheeran,Soulful!
Blinding Lights,The Weeknd,Soulful!
Leave The Door Open,Bruno Mars Anderson .Paak Silk Sonic,Soulful!
Fulanito,Becky G El Alfa,Soulful!
Yellow,Coldplay,Soulful!
Adore You,Harry Styles,Soulful!
Tout l'univers,Gjon's Tears,Soulful!
Chemtrails Over The Country Club,Lana Del Rey,Soulful!
Lose Somebody,Kygo OneRepublic,Soulful!
Like a Rolling Stone,Bob Dylan,Soulful!
Imagine,John Lennon,Soulful!
What's Going On,Marvin Gaye,Soulful!
A Change Is Gonna Come,Sam Cooke,Soulful!
Blowin' in the Wind,Bob Dylan,Soulful!
No Woman No Cry,Bob Marley,Soulful!
Heartbreak Hotel,Elvis Presley,Soulful!
Bridge Over Troubled Water,Simon and Garfunkel,Soulful!
Norwegian Wood (This Bird Has Flown),The Beatles,Soulful!
Walk On By,Dionne Warwick,Soulful!
Redemption Song,Bob Marley and the Wailers,Soulful!
The Times They Are A-Changin,Bob Dylan,Soulful!
Whiter Shade of Pale,Procol Harum,Soulful!
When a Man Loves a Woman,Percy Sledge,Soulful!
Dont Be Cruel,Elvis Presley,Soulful!
Knockin on Heavens Door,Bob Dylan,Soulful!
The Thrill is Gone,B.B. King,Soulful!
Free Fallin,Tom Petty,Soulful!
Dream On,Aerosmith,Soulful!
Losing My Religion,R.E.M.,Soulful!
Lets Get It On,Marvin Gaye,Soulful!
The Sounds of Silence,Simon and Garfunkel,Soulful!
The Night They Drove Old Dixie Down,The Band,Soulful!
Mannish Boy,Muddy Waters,Soulful!
Your Cheatin Heart,Hank Williams,Soulful!
Help Me,Joni Mitchell,Soulful!
Aint No Sunshine,Bill Withers,Soulful!
You Keep Me Hanging On,The Supremes,Soulful!
The End,The Doors,Soulful!
I Put a Spell on You,Screamin' Jay Hawkins,Soulful!
Goodbye Yellow Brick Road,Elton John,Soulful!
Personal Jesus,Depeche Mode,Soulful!
Candle in the Wind,Elton John,Soulful!
Love Me Tender,Elvis Presley,Soulful!
The Winner Takes It All,Abba,Soulful!
Hello,Adele,Soulful!
Empire State Of Mind (Part II) Broken Down,Alicia Keys,Soulful!
Falling,Alicia Keys,Soulful!
Vivo Per Lei,Andrea Bocelli & Giorgia,Soulful!
Eternal Flame,Atomic Kitten,Soulful!
I Want It That Way,Backstreet Boys,Soulful!
Pompeii,Bastille,Soulful!
All You Need Is Love,Beatles,Soulful!
Penny Lane,Beatles,Soulful!
Yesterday,Beatles,Soulful!
How Deep Is Your Love?,Bee Gees,Soulful!
Stand By Me,Ben E King,Soulful!
Ave Maria,Beyonce,Soulful!
Halo,Beyonce,Soulful!
If I Were A Boy,Beyonce,Soulful!
Irreplaceable,Beyonce,Soulful!
Ain't No Sunshine,Bill Withers,Soulful!
Piano Man,Billy Joel,Soulful!
Blowin In The Wind,Bob Dylan,Soulful!
Redemption Song,Bob Marley,Soulful!
Bed Of Roses,Bon Jovi,Soulful!
I`m Not A Girl Not Yet A Woman,Britney Spears,Soulful!
Grenade,Bruno Mars,Soulful!
Beautiful,Christina Aguilera,Soulful!
Genie In A Bottle,Christina Aguilera,Soulful!
Fix You,Coldplay,Soulful!
Seven Days,Craig David,Soulful!
White Flag,Dido,Soulful!
Jolene,Dolly Parton,Soulful!
Desperado,Eagles,Soulful!
Hotel California,Eagles,Soulful!
Castle On The Hill,Ed Sheeran,Soulful!
Don't Let The Sun Go Down On Me,Elton John,Soulful!
Sacrifice,Elton John,Soulful!
Sorry Seems To Be The Hardest Word,Elton John,Soulful!
Are You Lonesome Tonight?,Elvis Presley,Soulful!
In The Ghetto,Elvis Presley,Soulful!
May It Be,Enya,Soulful!
Tears In Heaven,Eric Clapton,Soulful!
Big Girls Don't Cry,Fergie,Soulful!
Everlong,Foo Fighters,Soulful!
Fly Me To The Moon,Frank Sinatra,Soulful!
My Way,Frank Sinatra,Soulful!
Somebody That I Used To Know,Gotye & Kimbra,Soulful!
There Are Worse Things I Could Do,Grease,Soulful!
Your Cheatin' Heart,Hank Williams,Soulful!
I'm Yours,Jason Mraz,Soulful!
Teenage Fantasy,Jorja Smith,Soulful!
Cry Me A River,Justin Timberlake,Soulful!
Running Up That Hill,Kate Bush,Soulful!
Part Of Me,Katy Perry,Soulful!
Somewhere Only We Know,Keane,Soulful!
Because Of You,Kelly Clarkson,Soulful!
Human,Killers,Soulful!
Firestone,Kygo & Conrad,Soulful!
It Ain't Me,Kygo & Selena Gomez,Soulful!
National Anthem,Lana Del Rey,Soulful!
Adagio (English Version),Lara Fabian,Soulful!
Bring Him Home,Les Miserables,Soulful!
Hello,Lionel Richie,Soulful!
I Try,Macy Gray,Soulful!
Walking In Memphis,Marc Cohn,Soulful!
Nothing Else Matters,Metallica,Soulful!
Unwritten,Natasha Bedingfield,Soulful!
How You Remind Me,Nickelback,Soulful!
I Put A Spell On You,Nina Simone,Soulful!
Champagne Supernova,Oasis,Soulful!
Wonderwall,Oasis,Soulful!
Dock Of The Bay,Otis Redding,Soulful!
Another Day In Paradise,Phil Collins,Soulful!
In The Air Tonight,Phil Collins,Soulful!
Roxanne,Police,Soulful!
Purple Rain,Prince,Soulful!
I'm Gonna Be (500 Miles),Proclaimers/Brian Potter/Andy Pipkin,Soulful!
Human,Rag n Bone Man,Soulful!
Under The Bridge,Red Hot Chili Peppers,Soulful!
Everybody Hurts,REM,Soulful!
Losing My Religion,REM,Soulful!
Man On The Moon,REM,Soulful!
Unfaithful,Rihanna,Soulful!
Come Undone,Robbie Williams,Soulful!
You're Still The One,Shania Twain,Soulful!
Chandelier,Sia,Soulful!
Kiss Me Thru The Phone,Soulja Boy & Sammie,Soulful!
I Just Called To Say I Love You,Stevie Wonder,Soulful!
Isn't She Lovely,Stevie Wonder,Soulful!
Englishman In New York,Sting,Soulful!
Delilah,Tom Jones,Soulful!
I'll Never Fall In Love Again,Tom Jones,Soulful!
Fast Car,Tracy Chapman,Soulful!
Sing,Travis,Soulful!
Bitter Sweet Symphony,Verve,Soulful!